subject,t,c_hat,ci_low,ci_high
S01,0.0,0.0,0.0,0.0
S01,0.1,1.3919194428871016,1.27160772634784,1.512231159426363
S01,0.2,2.6040857645411077,2.398096782374618,2.8100747467075973
S01,0.3,3.6572492183721943,3.3931824696003474,3.921315967144041
S01,0.4,4.569798452516656,4.269309036637832,4.870287868395479
S01,0.5,5.358028768878957,5.037745960767754,5.6783115769901595
S01,0.6,6.036379918185894,5.708677406816943,6.364082429554845
S01,0.7,6.617646890473739,6.2912871537498205,6.944006627197657
S01,0.8,7.1131667675872965,6.793843006152136,7.4324905290224565
S01,0.9,7.532984356037807,7.223786931510119,7.842181780565495
S01,1.0,7.885999009878809,7.587838841840957,8.184159177916662
S01,1.1,8.180094779624989,7.892120388496941,8.468069170753038
S01,1.2,8.422255780678029,8.142296468420298,8.70221509293576
S01,1.3,8.618668459706942,8.343715375190744,8.89362154422314
S01,1.4,8.774812246830573,8.501512484110577,9.048112009550568
S01,1.5,8.895539912493996,8.62064472476928,9.170435100218713
S01,1.6,8.985148798160896,8.705851529294602,9.26444606702719
S01,1.7,9.047443957181542,8.761573248439316,9.33331466592377
S01,1.8,9.085794124509855,8.79187135533726,9.379716893682449
S01,1.9,9.103181329620929,8.800380511246914,9.405982147994944
S01,2.0,9.1022448745047,8.790299125782159,9.414190623227242
S01,2.1,9.085320316637185,8.764409629291084,9.406231003983287
S01,2.2,9.05447402416509,8.725115594820382,9.383832453509799
S01,2.3,9.011533806125795,8.674485246283854,9.348582365967737
S01,2.4,8.958116063425331,8.614294862580671,9.301937264269991
S01,2.5,8.895649855681981,8.546068834015552,9.24523087734841
S01,2.6,8.825398234175438,8.471115141852307,9.179681326498569
S01,2.7,8.748477151369203,8.39055612368703,9.106398179051375
S01,2.8,8.665872222217674,8.30535486705091,9.026389577384437
S01,2.9,8.578453581217138,8.216337753488622,8.940569408945654
S01,3.0,8.48698905145625,8.124213692561064,8.849764410351437
S01,3.1,8.392155817364046,8.029590544318767,8.754721090409324
S01,3.2,8.294550771084676,7.932989165975525,8.656112376193827
S01,3.3,8.19469968311117,7.834855449427177,8.554543916795161
S01,3.4,8.093065330704931,7.735570657790796,8.450560003619067
S01,3.5,7.9900547024646515,7.635460323903181,8.344649081026123
S01,3.6,7.886025383966981,7.534801923691567,8.237248844242394
S01,3.7,7.781291217486527,7.433831506567436,8.128750928405617
S01,3.8,7.676127318240842,7.332749436826127,8.019505199655557
S01,3.9,7.570774520243572,7.231725372446978,7.909823668040166
S01,4.0,7.465443316549686,7.1309025924159,7.799984040683471
S01,4.1,7.360317351319798,7.030401763104467,7.69023293953513
S01,4.2,7.255556514609216,6.930324222477658,7.580788806740774
S01,4.3,7.151299685006429,6.830754847385354,7.471844522627505
S01,4.4,7.047667160121393,6.731764560504926,7.36356975973786
S01,4.5,6.944762810381424,6.633412522647782,7.256113098115066
S01,4.6,6.842675987565894,6.535748049240288,7.149603925891499
S01,4.7,6.741483215941503,6.438812284109772,7.0441541477732335
S01,4.8,6.641249690695826,6.34263965597638,6.939859725415272
S01,4.9,6.542030605562099,6.247259140093314,6.836802071030883
S01,5.0,6.443872329041919,6.15269534313836,6.735049314945478
S01,5.1,6.346813446428624,6.058969425580402,6.6346574672768455
S01,5.2,6.250885682880471,5.966099875630921,6.53567149013002
S01,5.3,6.156114721060923,5.874103145677265,6.4381262964445805
S01,5.4,6.062520925328213,5.782994163423602,6.342047687232824
S01,5.5,5.970119983095578,5.6927867276393425,6.247453238551813
S01,5.6,5.878923472777216,5.603493801295082,6.15435314425935
S01,5.7,5.788939366665801,5.515127714072624,6.062751019258978
S01,5.8,5.700172476139468,5.427700285926392,5.972644666352544
S01,5.9,5.612624845755963,5.341222886003779,5.884026805508148
S01,6.0,5.526296102046874,5.255706439015482,5.796885765078267
S01,6.1,5.4411837621645835,5.171161392185989,5.711206132143178
S01,6.2,5.357283506949372,5.087597654236105,5.626969359662639
S01,6.3,5.274589422465271,5.005024517695795,5.5441543272347475
S01,6.4,5.193094213593411,4.923450573243212,5.46273785394361
S01,6.5,5.11278939286396,4.842883624125001,5.3826951616029195
S01,6.6,5.033665447346349,4.763330606743008,5.304000287949691
S01,6.7,4.955711986097226,4.684797521731024,5.226626450463428
S01,6.8,4.878917870381559,4.6072893783055795,5.150546362457539
S01,6.9,4.803271328630671,4.530810153679384,5.075732503581958
S01,7.0,4.728760057877828,4.455362767802628,5.002157347953029
S01,7.1,4.655371313214267,4.380949073387861,4.929793553040672
S01,7.2,4.583091986633179,4.307569859640625,4.858614113625733
S01,7.3,4.511908676473822,4.235224868917977,4.7885924840296665
S01,7.4,4.441807748540122,4.163912824001597,4.719702673078648
S01,7.5,4.3727753898460415,4.093631464382015,4.651919315310068
S01,7.6,4.30479765583174,4.0243775900218655,4.585217721641614
S01,7.7,4.2378605117986075,3.9561471104555337,4.519573913141682
S01,7.8,4.1719498692262,3.888935097652264,4.454964640800136
S01,7.9,4.107051617558683,3.8227358419551543,4.391367393162211
S01,8.0,4.0431516519816135,3.757542908455608,4.3287603955076195
S01,8.1,3.9802358976506116,3.693349194529217,4.267122600772006
S01,8.2,3.918290330780957,3.630146986237587,4.206433675324327
S01,8.3,3.857300996960644,3.567928013598397,4.146673980322891
S01,8.4,3.7972540270081248,3.5066835039337967,4.087824550082453
S01,8.5,3.7381356506593955,3.4464042337383387,4.029867067580453
S01,8.6,3.679932208336725,3.387080576769154,3.9727838399042965
S01,8.7,3.622630161222507,3.328702550885914,3.9165577715591
S01,8.8,3.566216099836296,3.271259861311349,3.861172338361243
S01,8.9,3.5106767512905193,3.2147419411726976,3.806611561408341
S01,9.0,3.4559989853802846,3.1591379897239382,3.752859981036631
S01,9.1,3.402169819645051,3.1044370071826872,3.699902632107415
S01,9.2,3.3491764235241304,3.050627827543423,3.6477250195048376
S01,9.3,3.2970061217141025,2.9976991484991675,3.5963130949290374
S01,9.4,3.2456463968238456,2.945639558892446,3.545653234755245
S01,9.5,3.195084891411949,2.894437564094285,3.4957322187296134
S01,9.6,3.1453094094815777,2.8440816090798426,3.4465372098833127
S01,9.7,3.096307917499235,2.7945600995942432,3.398055735404227
S01,9.8,3.048068544996272,2.745861421228451,3.350275668764093
S01,9.9,3.000579584805224,2.6979739567936556,3.3031852128167922
S01,10.0,2.953829492977057,2.650886102216169,3.2567728837379453
S01,10.1,2.907806888420134,2.6045862808111835,3.211027496029084
S01,10.2,2.862500552296962,2.5590629560606892,3.165938148533235
S01,10.3,2.8178994272106634,2.5143046432123874,3.1214942112089394
S01,10.4,2.773992616209366,2.4702999197284057,3.0776853126903263
S01,10.5,2.7307693816334906,2.4270374345931978,3.0345013286737834
S01,10.6,2.688219143827974,2.3845059165367797,2.9919323711191685
S01,10.7,2.64633147973891,2.3426941814611237,2.949968778016696
S01,10.8,2.6050961214118153,2.3015911391526243,2.9086011036710064
S01,10.9,2.564502954406711,2.2611857989265225,2.8678201098868996
S01,11.0,2.5245420161434105,2.2214672746497275,2.8276167576370934
S01,11.1,2.485203494188844,2.1824247894966406,2.787982198881047
S01,11.2,2.4464777244968237,2.1440476794944408,2.7489077694992066
S01,11.3,2.408355189609423,2.1063253971186513,2.710384982100195
S01,11.4,2.370826516828054,2.069247514225878,2.6724055194302294
S01,11.5,2.333882476361312,2.0328037242589336,2.6349612284636907
S01,11.6,2.2975139794558617,1.9969838443123298,2.5980441145993938
S01,11.7,2.2617120765157948,1.9617778171847746,2.561646335846815
S01,11.8,2.226467955215287,1.9271757122187578,2.525760198211816
S01,11.9,2.191772938608722,1.893167726803936,2.490378150413508
S01,12.0,2.1576184832419707,1.8597441868607774,2.4554927796231643
S01,12.1,2.123996177268003,1.826895547550035,2.421096806985971
S01,12.2,2.0908977385696303,1.7946123936199625,2.3871830835192984
S01,12.3,2.0583150128917778,1.762885439413861,2.3537445863696944
S01,12.4,2.026239971985396,1.731705528870014,2.320774415100778
S01,12.5,1.9946647117647895,1.7010636354140014,2.2882657881155777
S01,12.6,1.9635814504799387,1.6709508615318032,2.2562120394280742
S01,12.7,1.9329825269051257,1.64135843809093,2.2246066157193214
S01,12.8,1.9028603985449917,1.6122777241023505,2.1934430729876326
S01,12.9,1.8732076398589963,1.583700205704654,2.1627150740133385
S01,13.0,1.8440169405050462,1.5556174955082773,2.132416385501815
S01,13.1,1.815281103602999,1.5280213315920053,2.1025408756139927
S01,13.2,1.7869930440185473,1.5009035767316024,2.0730825113054925
S01,13.3,1.759145786667951,1.4742562170184421,2.04403535631746
S01,13.4,1.7317324648439432,1.4480713611839717,2.0153935685039146
S01,13.5,1.7047463185630898,1.4223412391460724,1.9871513979801072
S01,13.6,1.678180692934781,1.3970582009226242,1.9593031849469376
S01,13.7,1.6520290365520012,1.3722147153540885,1.931843357749914
S01,13.8,1.6262848999039357,1.34780336895187,1.9047664308560013
S01,13.9,1.6009419338104565,1.3238168644336346,1.8780670031872784
S01,14.0,1.5759938878784525,1.3002480195242605,1.8517397562326445
S01,14.1,1.5514346089799762,1.277089765584512,1.8257794523754405
S01,14.2,1.527258039752099,1.2543351461443395,1.8001809333598584
S01,14.3,1.5034582171183837,1.2319773156971627,1.7749391185396046
S01,14.4,1.4800292708318228,1.21000953822909,1.7500490034345555
S01,14.5,1.456965422039091,1.1884251856535466,1.7255056584246355
S01,14.6,1.4342609818659475,1.167217736748067,1.701304226983828
S01,14.7,1.4119103500235815,1.1463807755060542,1.6774399245411087
S01,14.8,1.389908013435708,1.1259079896754864,1.6539080371959296
S01,14.9,1.3682485448862076,1.1057931695590377,1.6307039202133775
S01,15.0,1.346926601687069,1.0860302064568101,1.6078229969173277
S01,15.1,1.32593692436642,1.0666130912585365,1.5852607574743036
S01,15.2,1.3052743353764091,1.0475359131315323,1.563012757621286
S01,15.3,1.2849337378206815,1.0287928580229222,1.541074617618441
S01,15.4,1.2649101142012324,1.0103782072956136,1.5194420211068513
S01,15.5,1.2451985251843518,0.9922863364016559,1.4981107139670478
S01,15.6,1.2257941083854487,0.9745117134443168,1.4770765033265807
S01,15.7,1.2066920771724734,0.9570488978476521,1.4563352564972947
S01,15.8,1.1878877194877027,0.9398925389414321,1.4358829000339732
S01,15.9,1.169376396687624,0.9230373747665755,1.4157154186086727
S01,16.0,1.1511535424006716,0.9064782305103596,1.3958288542909836
S01,16.1,1.1332146614025642,0.8902100174014517,1.3762193054036767
S01,16.2,1.1155553285089843,0.8742277313110652,1.3568829257069033
S01,16.3,1.098171187485357,0.858526451424908,1.337815923545806
S01,16.4,1.0810579499734798,0.8431013391090417,1.319014560837918
S01,16.5,1.0642113944347482,0.8279476363888555,1.3004751524806408
S01,16.6,1.0476273651097463,0.8130606649715245,1.282194065247968
S01,16.7,1.0313017709939487,0.7984358248090693,1.2641677171788281
S01,16.8,1.0152305848292915,0.784068593017498,1.246392576641085
S01,16.9,0.9994098421113968,0.7699545225123756,1.228865161710418
S01,17.0,0.9838356401121813,0.7560892409598812,1.2115820392644814
S01,17.1,0.9685041369176496,0.7424684494785292,1.19453982435677
S01,17.2,0.9534115504806205,0.7290879216193066,1.1777351793419344
S01,17.3,0.9385541576881704,0.7159435020276987,1.161164813348642
S01,17.4,0.9239282934435665,0.7030311054765783,1.1448254814105547
S01,17.5,0.909530349762468,0.6903467156414992,1.128713983883437
S01,17.6,0.8953567748831817,0.6778863840301588,1.1128271657362045
S01,17.7,0.881404072390749,0.6656462289027941,1.0971619158787038
S01,17.8,0.8676688003546597,0.6536224342076227,1.0817151665016966
S01,17.9,0.8541475704799799,0.64181124842392,1.0664838925360398
S01,18.0,0.8408370472716854,0.6302089836616509,1.05146511088172
S01,18.1,0.8277339472120024,0.6188120145392594,1.0366558798847456
S01,18.2,0.8148350379505525,0.607616777154802,1.022053298746303
S01,18.3,0.8021371375070954,0.5966197681673747,1.0076545068468161
S01,18.4,0.7896371134866982,0.5858175437102799,0.9934566832631164
S01,18.5,0.7773318823071083,0.5752067184851738,0.9794570461290427
S01,18.6,0.7652184084381666,0.5647839648030024,0.9656528520733307
S01,18.7,0.7532937036530609,0.5545460115680425,0.9520413957380793
S01,18.8,0.7415548262912381,0.5444896434803226,0.9386200091021537
S01,18.9,0.7299988805328003,0.5346116999384586,0.925386061127142
S01,19.0,0.7186230156841958,0.524909074306713,0.9123369570616787
S01,19.1,0.7074244254750433,0.5153787129460276,0.899470138004059
S01,19.2,0.6964003473659031,0.5060176143137801,0.886783080418026
S01,19.3,0.6855480618668334,0.4968228281898319,0.8742732955438348
S01,19.4,0.6748648918665644,0.4877914547098604,0.8619383290232684
S01,19.5,0.6643482019721183,0.4789206436321128,0.8497757603121239
S01,19.6,0.6539953978587212,0.4702075934855303,0.837783202231912
S01,19.7,0.6438039256298417,0.46164955069049773,0.8259583005691856
S01,19.8,0.6337712711871966,0.45324380886794136,0.8142987335064518
S01,19.9,0.6238949596105801,0.4449877080069876,0.8028022112141725
S01,20.0,0.6141725545473453,0.4368786336464589,0.7914664754482317
S01,20.1,0.6046016576114067,0.42891401619196234,0.7802892990308511
S01,20.2,0.5951799077916023,0.42109133011516364,0.769268485468041
S01,20.3,0.5859049808692742,0.4134080932259778,0.7584018685125706
S01,20.4,0.5767745888449266,0.4058618659922158,0.7476873116976375
S01,20.5,0.5677864793738149,0.3984502507440898,0.73712270800354
S01,20.6,0.5589384352103308,0.3911708910335213,0.7267059793871403
S01,20.7,0.5502282736610451,0.38402147092152705,0.7164350764005631
S01,20.8,0.5416538460462713,0.3769997142796949,0.7063079778128477
S01,20.9,0.5332130371700222,0.3701033841676672,0.6963226901723772
S01,21.0,0.5249037647982228,0.3633302821536468,0.6864772474427987
S01,21.1,0.5167239791450566,0.35667824765006084,0.6767697106400524
S01,21.2,0.5086716623673154,0.3501451572499693,0.6671981674846615
S01,21.3,0.5007448280666249,0.3437289242072875,0.6577607319259623
S01,21.4,0.4929415207994333,0.3374274976910694,0.6484555439077972
S01,21.5,0.48525981559462994,0.33123886226000154,0.6392807689292583
S01,21.6,0.47769781747868423,0.3251610372385482,0.6302345977188202
S01,21.7,0.47025366100818317,0.3191920761346314,0.6213152458817349
S01,21.8,0.4629255098096526,0.31333006604343,0.6125209535758751
S01,21.9,0.45571155612655095,0.3075731271104447,0.6038499851426572
S01,22.0,0.44861002037332065,0.3019194119607756,0.5953006287858658
S01,22.1,0.4416191506963905,0.29636710512367925,0.5868711962691018
S01,22.2,0.43473722254201735,0.29091442253390953,0.5785600225501252
S01,22.3,0.42796253823086244,0.2855596109571694,0.5703654655045555
S01,22.4,0.421293426539199,0.28030094751481804,0.5622859055635799
S01,22.5,0.4147282422866427,0.27513673911582004,0.5543197454574653
S01,22.6,0.4082653659303098,0.27006532199362465,0.546465409866995
S01,22.7,0.40190320316529865,0.26508506116999786,0.5387213451605994
S01,22.8,0.3956401845313946,0.26019435001694535,0.5310860190458438
S01,22.9,0.3894747650259076,0.2553916097126133,0.5235579203392019
S01,23.0,0.38340542372254016,0.25067528883043855,0.5161355586146418
S01,23.1,0.37743066339619624,0.24604386281314258,0.5088174639792499
S01,23.2,0.37154901015363595,0.2414958335760451,0.5016021867312268
S01,23.3,0.3657590130698859,0.23702972897684182,0.49448829716292997
S01,23.4,0.36005924383031646,0.23264410247080383,0.4874743851898291
S01,23.5,0.35444829637829495,0.2283375325907342,0.4805590601658557
S01,23.6,0.3489247865683314,0.22410862256229372,0.47374095057436916
S01,23.7,0.34348735182462853,0.21995599988981457,0.4670187037594425
S01,23.8,0.33813465080495164,0.2158783158828148,0.4603909857270885
S01,23.9,0.33286536306973935,0.21187424534200136,0.4538564807974773
S01,24.0,0.32767818875636745,0.20794248607228716,0.44741389144044774
S02,0.0,0.0,0.0,0.0
S02,0.1,1.4763468333446874,1.3820280895249955,1.5706655771643794
S02,0.2,2.771835077417729,2.60830854158919,2.935361613246268
S02,0.3,3.906280675512322,3.693915444975366,4.118645906049278
S02,0.4,4.8973586933606965,4.652485953351148,5.142231433370245
S02,0.5,5.760834177593896,5.496348373936098,6.025319981251694
S02,0.6,6.510768126335914,6.236638740282711,6.784897512389117
S02,0.7,7.159701254892415,6.883407320560783,7.435995189224046
S02,0.8,7.718817950267201,7.4457168168314745,7.991919083702928
S02,0.9,8.198092550191921,7.9317344911998395,8.464450609184004
S02,1.0,8.606419852124345,8.348821009284784,8.864018694963907
S02,1.1,8.951731552259847,8.70361912552876,9.199843978990934
S02,1.2,9.241100131333345,9.00214478130476,9.48005548136193
S02,1.3,9.480831540478148,9.249880837393247,9.711782243563048
S02,1.4,9.676547894524019,9.45186908336733,9.901226705680708
S02,1.5,9.833261249959197,9.612790780804474,10.05373171911392
S02,1.6,9.955439428654525,9.737023635161801,10.17385522214725
S02,1.7,10.04706474484009,9.828667591584205,10.265461898095976
S02,1.8,10.11168640038593,9.891542330132758,10.331830470639101
S02,1.9,10.15246723096459,9.929169178426756,10.375765283502423
S02,2.0,10.17222541209035,9.944752859531228,10.399697964649473
S02,2.1,10.173471668379273,9.941173726361235,10.40576961039731
S02,2.2,10.15844247080083,9.920993746629353,10.395891194972307
S02,2.3,10.129129654432804,9.88647405296554,10.371785255900068
S02,2.4,10.087306842605546,9.839599731867521,10.335013953343571
S02,2.5,10.034553021722536,9.782107738585678,10.286998304859393
S02,2.6,9.972273573929453,9.715514987701262,10.229032160157644
S02,2.7,9.901719041690104,9.641144885476706,10.162293197903502
S02,2.8,9.824001868783707,9.560151469871252,10.087852267696162
S02,2.9,9.740111335878703,9.473540901791381,10.006681769966026
S02,3.0,9.65092688532084,9.38219035912583,9.91966341151585
S02,3.1,9.557230008790787,9.286864538191764,9.82759547938981
S02,3.2,9.459714852766215,9.188230021432256,9.731199684100174
S02,3.3,9.358997680020838,9.086867773368137,9.63112758667354
S02,3.4,9.255625310491219,8.98328401412069,9.527966606861748
S02,3.5,9.15008265154664,8.877919688438695,9.422245614654585
S02,3.6,9.042799415835407,8.771158722900193,9.314440108770622
S02,3.7,8.934156114297393,8.663335237839838,9.204976990754947
S02,3.8,8.824489402490395,8.554739853372677,9.094238951608112
S02,3.9,8.714096849953137,8.445625211779275,8.982568488126999
S02,4.0,8.603241194811579,8.336210819410507,8.870271570212651
S02,4.1,8.49215413912892,8.226687294306098,8.75762098395174
S02,4.2,8.381039734516666,8.117220097054563,8.644859371978768
S02,4.3,8.270077402185937,8.00795280648011,8.532201997891763
S02,4.4,8.159424626855417,7.899009997288108,8.419839256422726
S02,4.5,8.049219359683164,7.790499763732165,8.307938955634164
S02,4.6,7.939582161598272,7.682515933771958,8.196648389424587
S02,4.7,7.830618115025849,7.575140003588788,8.08609622646291
S02,4.8,7.7224185289809775,7.468442827112568,7.976394230849387
S02,4.9,7.615062459814734,7.362486084437692,7.867638835191776
S02,5.0,7.508618067493145,7.257323552982363,7.759912582003926
S02,5.1,7.403143825146582,7.1530022029944975,7.653285447298667
S02,5.2,7.298689597714934,7.049563136049214,7.547816059380654
S02,5.3,7.1952976038077345,6.9470423835164326,7.4435528240990365
S02,5.4,7.09300327337625,6.845471582121702,7.340534964630798
S02,5.5,6.991836012436499,6.74487854066948,7.238793484203518
S02,5.6,6.891819884870424,6.645287712992303,7.138352056748545
S02,5.7,6.792974220251418,6.546720589598667,7.039227850904169
S02,5.8,6.69531415567591,6.44919602053041,6.94143229082141
S02,5.9,6.598851118722104,6.352730480494427,6.844971756949781
S02,6.0,6.503593257889303,6.257338286712336,6.74984822906627
S02,6.1,6.409545826186117,6.163031778157254,6.65605987421498
S02,6.2,6.3167115229248445,6.069821464218288,6.563601581631401
S02,6.3,6.225090798233892,5.977716149813194,6.47246544665459
S02,6.4,6.1346821243137475,5.886723042262451,6.382641206365044
S02,6.5,6.0454822370278825,5.796847845096098,6.294116628959667
S02,6.6,5.9574863510327365,5.708094841910273,6.2068778601552
S02,6.7,5.870688351305473,5.620466973656982,6.120909728953964
S02,6.8,5.785080963619851,5.533965911490465,6.036196015749238
S02,6.9,5.700655906245641,5.448592126094359,5.9527196863969225
S02,7.0,5.617404024901526,5.364344955574302,5.870463094228749
S02,7.1,5.535315412772606,5.281222671346269,5.789408154198943
S02,7.2,5.45437951720823,5.199222543365739,5.709536491050722
S02,7.3,5.37458523454166,5.1183409041417764,5.630829564941543
S02,7.4,5.295920994317563,5.038573211748325,5.553268776886801
S02,7.5,5.218374834074647,4.9599141116749985,5.476835556474296
S02,7.6,5.141934465706959,4.88235749716687,5.401511434247048
S02,7.7,5.066587334316974,4.805896568090525,5.327278100543424
S02,7.8,4.992320670375079,4.730523887830888,5.254117452919271
S02,7.9,4.91912153591216,4.656231438083688,5.182011633740632
S02,8.0,4.846976865393603,4.583010671396687,5.110943059390518
S02,8.1,4.775873501853016,4.510852561681269,5.040894442024762
S02,8.2,4.705798228801637,4.4397476515525796,4.971848806050694
S02,8.3,4.636737798373596,4.369686098000727,4.903789498746464
S02,8.4,4.568678956117634,4.30065771488052,4.836700197354748
S02,8.5,4.501608462801445,4.232652012914251,4.77056491268864
S02,8.6,4.435513113555348,4.165658237086411,4.705367990024285
S02,8.7,4.370379754646645,4.099665402273527,4.6410941070197635
S02,8.8,4.306195298144604,4.034662325277242,4.577728271011966
S02,8.9,4.242946734707857,3.970637655413258,4.515255814002456
S02,9.0,4.1806211447009956,3.9075799023716433,4.453662387030348
S02,9.1,4.119205707824779,3.845477462458804,4.392933953190754
S02,9.2,4.058687711424413,3.7843186421654527,4.333056780683373
S02,9.3,3.9990545576225975,3.7240916800401047,4.27401743520509
S02,9.4,3.940293769408117,3.6647847671792513,4.215802771636983
S02,9.5,3.882392995796639,3.6063860653626416,4.158399926230636
S02,9.6,3.8253400161677287,3.5488837239386584,4.101796308396799
S02,9.7,3.7691227438707986,3.492265895239222,4.045979592502375
S02,9.8,3.713729229182705,3.436520748565993,3.990937709799417
S02,9.9,3.6591476616906795,3.3816364826875107,3.9366588406938483
S02,10.0,3.6053663721663067,3.3276013375215365,3.883131406811077
S02,10.1,3.5523738339891424,3.2744036045217726,3.8303440634565122
S02,10.2,3.500158664172149,3.2220316358081846,3.7782856925361137
S02,10.3,3.4487096240354806,3.170473852966527,3.7269453951044342
S02,10.4,3.3980156195700766,3.119718754198626,3.676312484941527
S02,10.5,3.3480657015279776,3.0697549214164273,3.626376481639528
S02,10.6,3.2988490652722886,3.020571026092105,3.5771271044524724
S02,10.7,3.2503550504160748,2.9721558346874817,3.528554266144668
S02,10.8,3.2025731402762827,2.924498213468362,3.4806480670842035
S02,10.9,3.155492961165937,2.877587132453332,3.4333987898785416
S02,11.0,3.109104281545262,2.8314116693449307,3.3867968937455935
S02,11.1,3.0633970110501663,2.7859610125122916,3.340833009588041
S02,11.2,3.018361199414426,2.741224463927924,3.295497934900928
S02,11.3,2.973987035300151,2.697191441376951,3.250782629223351
S02,11.4,2.9302648450494777,2.6538514805297497,3.2066782095692057
S02,11.5,2.8871850913689703,2.6111942366496654,3.163175946088275
S02,11.6,2.844738371956982,2.569209485811678,3.1202672581022863
S02,11.7,2.8029154180830305,2.5278871263455454,3.0779437098205156
S02,11.8,2.7617070931272427,2.487217179272028,3.0361970069824573
S02,11.9,2.7211043910870236,2.4471897891960532,2.995018992977994
S02,12.0,2.6810984350572644,2.407795224623668,2.954401645490861
S02,12.1,2.641680475689707,2.3690238782837545,2.91433707309566
S02,12.2,2.602841889636434,2.330866267120409,2.8748175121524593
S02,12.3,2.5645741779818447,2.2933130322494737,2.8358353237142158
S02,12.4,2.526868964667034,2.2563549387914836,2.7973829905425847
S02,12.5,2.4897179949099493,2.2199828752767607,2.759453114543138
S02,12.6,2.4531131336243726,2.1841878535733317,2.7220384136754134
S02,12.7,2.417046363840355,2.1489610080076593,2.685131719673051
S02,12.8,2.3815097851284417,2.114293594898571,2.6487259753583126
S02,12.9,2.3464956120297273,2.0801769916370914,2.6128142324223633
S02,13.0,2.31199617249351,2.046602696055068,2.577389648931952
S02,13.1,2.2780039063241264,2.013562325539688,2.542445487108565
S02,13.2,2.2445113636382996,1.9810476159735957,2.5079751113030038
S02,13.3,2.2115112033341804,1.9490504208042756,2.473971985864085
S02,13.4,2.178996191573096,1.9175627101139305,2.440429673032262
S02,13.5,2.1469592002748707,1.886576569371382,2.407341831178359
S02,13.6,2.1153932056274725,1.8560841985377787,2.374702212717166
S02,13.7,2.084291286611601,1.8260779106132101,2.3425046626099917
S02,13.8,2.0536466235407613,1.796550130917653,2.3107431161638696
S02,13.9,2.023452496617265,1.7674933954701495,2.2794115977643803
S02,14.0,1.9937022845045003,1.7389003499202995,2.248504219088701
S02,14.1,1.9643894629158039,1.7107637485780878,2.2180151772535197
S02,14.2,1.9355076032201257,1.6830764526678843,2.187938753772367
S02,14.3,1.9070503710646944,1.6558314296915386,2.1582693124378505
S02,14.4,1.8790115250147947,1.6290217514616958,2.1290012985678937
S02,14.5,1.851384915210747,1.6026405936060693,2.100129236815425
S02,14.6,1.8241644820421443,1.5766812335417397,2.0716477305425487
S02,14.7,1.7973442548393521,1.5511370498786377,2.043551459800067
S02,14.8,1.7709183505822599,1.5260015206233182,2.0158351805412016
S02,14.9,1.7448809726262537,1.5012682221953733,1.9884937230571342
S02,15.0,1.7192264094453331,1.476930828034746,1.9615219908559203
S02,15.1,1.693949033392296,1.4529831073389712,1.9349149594456208
S02,15.2,1.6690432994759052,1.4294189240177773,1.9086676749340332
S02,15.3,1.6445037441548973,1.4062322349357241,1.8827752533740705
S02,15.4,1.6203249841487364,1.3834170891666715,1.8572328791308013
S02,15.5,1.5965017152649434,1.3609676265349226,1.8320358039949642
S02,15.6,1.5730287112428853,1.3388780762352992,1.8071793462504715
S02,15.7,1.5499008226138407,1.3171427559090951,1.7826588893185862
S02,15.8,1.5271129755771986,1.295756070197648,1.7584698809567492
S02,15.9,1.5046601708926128,1.2747125095378375,1.7346078322473881
S02,16.0,1.4825374827879325,1.2540066490657957,1.7110683165100693
S02,16.1,1.4607400578827507,1.2336331473547175,1.687846968410784
S02,16.2,1.439263114127369,1.2135867451972762,1.664939483057462
S02,16.3,1.4181019397570036,1.1938622645525505,1.6423416149614567
S02,16.4,1.3972518922610528,1.174454607239022,1.6200491772830836
S02,16.5,1.376708397367228,1.1553587538639554,1.5980580408705007
S02,16.6,1.3564669480403717,1.1365697627606275,1.576364133320116
S02,16.7,1.336523103495762,1.1180827687107544,1.5549634382807698
S02,16.8,1.3168724882267244,1.099892981899282,1.5338519945541669
S02,16.9,1.297510791046365,1.0819956868158214,1.5130258952769087
S02,17.0,1.2784337641432173,1.0643862412256133,1.4924812870608213
S02,17.1,1.2596372221506476,1.0470600749534227,1.4722143693478724
S02,17.2,1.2411170412297985,1.030012688989657,1.45222139346994
S02,17.3,1.2228691581659108,1.0132396542786284,1.4324986620531932
S02,17.4,1.2048895694778259,0.9967366108148488,1.413042528140803
S02,17.5,1.1871743305404894,0.980499266446994,1.3938493946339847
S02,17.6,1.169719554720278,0.9645233961922384,1.3749157132483179
S02,17.7,1.1525214125229628,0.948804840767527,1.3562379842783985
S02,17.8,1.1355761307541374,0.9333395060872596,1.3378127554210153
S02,17.9,1.1188799916919328,0.9181233619068214,1.319636621477044
S02,18.0,1.1024293322718413,0.903152441053878,1.3017062234898045
S02,18.1,1.0862205432834837,0.8884228384913504,1.284018248075617
S02,18.2,1.0702500685791447,0.8739307102528212,1.2665694269054684
S02,18.3,1.0545144042938985,0.8596722726845965,1.2493565359032006
S02,18.4,1.0390100980771884,0.8456438013614618,1.232376394792915
S02,18.5,1.023733748335652,0.8318416303023292,1.2156258663689745
S02,18.6,1.0086820034870718,0.8182621511355755,1.1991018558385682
S02,18.7,0.9938515612252603,0.804901812002989,1.1828013104475317
S02,18.8,0.9792391677957352,0.7917571169600427,1.1667212186314275
S02,18.9,0.9648416172820311,0.7788246249231261,1.1508586096409361
S02,19.0,0.950655750902478,0.7661009489508603,1.1352105528540957
S02,19.1,0.936678456317314,0.753582755363186,1.119774157271442
S02,19.2,0.9229066669459672,0.7412667629669631,1.1045465709249713
S02,19.3,0.9093373612943624,0.7291497421710098,1.089524980417715
S02,19.4,0.8959675622921139,0.7172285143182939,1.074706610265934
S02,19.5,0.8827943366394468,0.7054999507932842,1.0600887224856095
S02,19.6,0.8698147941637183,0.6939609723133909,1.0456686160140456
S02,19.7,0.8570260871853893,0.6826085481202582,1.0314436262505204
S02,19.8,0.8444254098933093,0.6714396953103239,1.0174111244762947
S02,19.9,0.8320099977291867,0.6604514780135018,1.0035685174448716
S02,20.0,0.819777126781097,0.6496410067200817,0.9899132468421123
S02,20.1,0.8077241131859096,0.6390054375520242,0.9764427888197951
S02,20.2,0.795848312540491,0.6285419715394278,0.9631546535415543
S02,20.3,0.7841471193215639,0.6182478539522872,0.9500463846908406
S02,20.4,0.7726179663140942,0.6081203736333689,0.9371155589948195
S02,20.5,0.7612583240480744,0.5981568622472522,0.9243597858488966
S02,20.6,0.7500657002435912,0.5883546936986269,0.9117767067885555
S02,20.7,0.7390376392640458,0.5787112834068535,0.899363995121238
S02,20.8,0.7281717215774112,0.5692240877438673,0.887119355410955
S02,20.9,0.7174655632254114,0.5598906032823417,0.8750405231684811
S02,21.0,0.706916815300501,0.550708366364117,0.863125264236885
S02,21.1,0.6965231634305338,0.5416749522179096,0.8513713746431579
S02,21.2,0.6862823272710087,0.5327879745486246,0.8397766799933928
S02,21.3,0.676192060004775,0.5240450848961102,0.8283390351134399
S02,21.4,0.6662501478490989,0.5154439720594641,0.8170563236387336
S02,21.5,0.6564544095699708,0.5069823614105549,0.8059264577293868
S02,21.6,0.6468026960035564,0.49865801446001223,0.7949473775471007
S02,21.7,0.6372928895846816,0.4904687282179522,0.7841170509514109
S02,21.8,0.6279229038822486,0.4824123346532988,0.7734334731111984
S02,21.9,0.618690683141485,0.4744867001590674,0.7628946661239027
S02,22.0,0.6095942018329179,0.46668972499679007,0.7524986786690457
S02,22.1,0.6006314642079842,0.45901934278095385,0.7422435856350145
S02,22.2,0.59180050386117,0.4514735199622213,0.7321274877601187
S02,22.3,0.5830993832985886,0.4440502552812441,0.722148511315933
S02,22.4,0.5745261935129038,0.43674757930895036,0.7123048077168572
S02,22.5,0.5660790535644977,0.4295635538990177,0.7025945532299778
S02,22.6,0.5577561101688012,0.42249627173587134,0.6930159486017311
S02,22.7,0.5495555372896894,0.4155438558560746,0.6835672187233042
S02,22.8,0.5414755357388534,0.4087044591054536,0.6742466123722533
S02,22.9,0.5335143327810663,0.4019762637784621,0.6650524017836705
S02,23.0,0.5256701817452482,0.3953574810463564,0.6559828824441399
S02,23.1,0.5179413616412535,0.38884635057825345,0.6470363727042535
S02,23.2,0.5103261767822901,0.38244114008206953,0.6382112134825106
S02,23.3,0.5028229564128894,0.37614014482455804,0.6295057680012208
S02,23.4,0.4954300543423491,0.3699416872415248,0.6209184214431733
S02,23.5,0.4881458485835606,0.3638441164856187,0.6124475806815025
S02,23.6,0.4809687409971521,0.35784580801498955,0.6040916739793146
S02,23.7,0.47389715694085915,0.3519451631833299,0.5958491506983884
S02,23.8,0.46692954492405214,0.3461406088299956,0.5877184810181086
S02,23.9,0.4600643762673445,0.340430596862889,0.5796981556717999
S02,24.0,0.4533001447672019,0.33481360388553183,0.5717866856488719
S03,0.0,0.0,0.0,0.0
S03,0.1,1.246737583942703,1.0961744698116798,1.3973006980737264
S03,0.2,2.3420172271695394,2.0807534622384365,2.6032809921006423
S03,0.3,3.3016831369866804,2.9621444763783336,3.641221797595027
S03,0.4,4.139965153511044,3.7482032328521404,4.531727074169948
S03,0.5,4.869642392859405,4.446248198614101,5.29303658710471
S03,0.6,5.502190319349884,5.063077281814575,5.941303356885193
S03,0.7,6.047912924398858,5.604987197504666,6.49083865129305
S03,0.8,6.516061519950932,6.077796842231041,6.954326197670823
S03,0.9,6.914941501628976,6.486877079240518,7.343005924017435
S03,1.0,7.252008299594506,6.837190348791725,7.666826250397286
S03,1.1,7.53395361180131,7.133343720385392,7.934563503217229
S03,1.2,7.766782903501276,7.379657105677205,8.153908701325346
S03,1.3,7.955885057256797,7.5802429302010585,8.331527184312534
S03,1.4,8.106094968193393,7.739084998355064,8.473104938031721
S03,1.5,8.221749798768206,7.860096700468894,8.583402897067518
S03,1.6,8.30673953501739,7.947139293191716,8.666339776843065
S03,1.7,8.364552421253636,8.003993607288699,8.725111235218574
S03,1.8,8.3983157917727,8.034297229887473,8.762334353657925
S03,1.9,8.410832765629204,8.041471518428716,8.780194012829691
S03,2.0,8.404615223357968,8.028661573572181,8.780568873143755
S03,2.1,8.381913442110061,7.998701453020386,8.765125431199737
S03,2.2,8.34474272755883,7.954105321824855,8.735380133292804
S03,2.3,8.29490734667585,7.897078442198588,8.69273625115311
S03,2.4,8.234022034689273,7.829540244540165,8.638503824838383
S03,2.5,8.163531321866495,7.753152976273253,8.573909667459736
S03,2.6,8.084726900893836,7.66935154332038,8.500102258467292
S03,2.7,7.9987632332743335,7.579372039849428,8.418154426699239
S03,2.8,7.906671573076133,7.484277769434121,8.329065376718145
S03,2.9,7.80937256830882,7.384982356778096,8.233762779839545
S03,3.0,7.70768758397811,7.282269971236864,8.133105196719356
S03,3.1,7.602348876284867,7.17681289234256,8.027884860227175
S03,3.2,7.494008734326662,7.069186720032119,7.918830748621205
S03,3.3,7.383247693879281,6.9598835368146625,7.8066118509438995
S03,3.4,7.2705819172474655,6.849323317983645,7.691840516511286
S03,3.5,7.1564698236579485,6.737863845246617,7.57507580206928
S03,3.6,7.0413180461151175,6.625809348561115,7.45682674366912
S03,3.7,6.925486782952679,6.513418064800582,7.3375555011047755
S03,3.8,6.809294605406058,6.40090887395406,7.217680336858057
S03,3.9,6.693022776320965,6.288467142454186,7.097578410187744
S03,4.0,6.576919129532991,6.1762498824424945,6.977588376623487
S03,4.1,6.461201554437399,6.064390311237164,6.858012797637634
S03,4.2,6.346061125760457,5.953001880735141,6.7391203707857725
S03,4.3,6.231664914492158,5.842181824630001,6.621148004354315
S03,4.4,6.118158512298882,5.732014263612702,6.504302760985062
S03,4.5,6.005668298461921,5.6225728942649775,6.388763702658864
S03,4.6,5.89430347544643,5.513923284006568,6.2746836668862915
S03,4.7,5.7841578965618625,5.406124786289035,6.16219100683469
S03,4.8,5.675311706799075,5.299232095131364,6.051391318466786
S03,4.9,5.567832815793863,5.193296456790841,5.942369174796885
S03,5.0,5.461778219947621,5.088366563695235,5.8351898762000065
S03,5.1,5.357195189010892,4.984489158947218,5.729901219074566
S03,5.2,5.254122330885418,4.881709390127413,5.626535271643424
S03,5.3,5.152590547006966,4.780070950874262,5.52511014313967
S03,5.4,5.052623889419051,4.679616055629112,5.42563172320899
S03,5.5,4.954240329522281,4.580385291731525,5.328095367313037
S03,5.6,4.857452447472468,4.482417391197943,5.232487503746993
S03,5.7,4.7622680502917465,4.385748961170727,5.1387871394127655
S03,5.8,4.668690725939785,4.290414205108427,5.0469672467711435
S03,5.9,4.576720339857956,4.196444660567016,4.956996019148896
S03,6.0,4.4863534798393925,4.1038689731455245,4.8688379865332605
S03,6.1,4.397583854484692,4.01271271755963,4.782454991409754
S03,6.2,4.310402649970007,3.922998273081179,4.697807026858836
S03,6.3,4.2247988493751985,3.8347447542917155,4.614852944458681
S03,6.4,4.140759518389048,3.7479679951505473,4.5335510416275495
S03,6.5,4.0582700608217195,3.6626805806349214,4.4538595410085176
S03,6.6,3.9773144470067234,3.5788919222114624,4.3757369718019845
S03,6.7,3.8978754178621675,3.496608366047801,4.299142469676534
S03,6.8,3.819934667100123,3.4158333307306545,4.224036003469592
S03,6.9,3.743473003820495,3.336567464979547,4.150378542661443
S03,7.0,3.6684704974988707,3.2588088197399925,4.078132175257749
S03,7.1,3.5949066071739346,3.1825530297824183,4.007260184565451
S03,7.2,3.5227602964567435,3.1077934989478613,3.9377270939656257
S03,7.3,3.4520101358194952,3.034521586065644,3.8694986855733466
S03,7.4,3.3826343934733702,2.962726788519205,3.8025419984275355
S03,7.5,3.314611116012043,2.8923969200961097,3.736825311927976
S03,7.6,3.2479181998778754,2.8235182814557818,3.672318118299969
S03,7.7,3.1825334546004074,2.7560758237697116,3.608991085431103
S03,7.8,3.118434658660177,2.6900533019283306,3.546816015392024
S03,7.9,3.055599608744158,2.6254334195404874,3.485765797947829
S03,8.0,2.994006163081123,2.5621979624241726,3.4258143637380734
S03,8.1,2.9336322794751535,2.5003279242105587,3.3669366347397482
S03,8.2,2.8744560485925787,2.439803621191414,3.3091084759937437
S03,8.3,2.8164557230009915,2.3806047982693896,3.2523066477325933
S03,8.4,2.7596097424081956,2.3227107262845337,3.1965087585318575
S03,8.5,2.7038967555031785,2.266100290665422,3.141693220340935
S03,8.6,2.6492956387601945,2.2107520720231872,3.0878392054972017
S03,8.7,2.595785512530122,2.1566444191549,3.034926605905344
S03,8.8,2.5433457547100926,2.1037555167292012,2.982935992690984
S03,8.9,2.4919560122526243,2.052063443375265,2.9318485811299837
S03,9.0,2.441596210748686,2.0015462272214277,2.8816461942759446
S03,9.1,2.39224656229511,1.9521818933015735,2.8323112312886467
S03,9.2,2.3438875718351175,1.9039485076144718,2.783826636055763
S03,9.3,2.2965000421413277,1.856824215935228,2.7361758683474275
S03,9.4,2.2500650775931788,1.8107872775878033,2.689342877598554
S03,9.5,2.204564086884983,1.765816096942868,2.6433120768270983
S03,9.6,2.1599787847868144,1.7218892499302139,2.598068319643415
S03,9.7,2.1162911930677177,1.6789855086078664,2.553596877527569
S03,9.8,2.0734836406794077,1.6370838611931082,2.509883420165707
S03,9.9,2.031538763288402,1.5961635309536195,2.4669139956231847
S03,10.0,1.9904395022353554,1.5562039920931243,2.4246750123775866
S03,10.1,1.9501691029921628,1.517184982815436,2.3831532231688897
S03,10.2,1.910711113179948,1.4790865177414911,2.3423357086184047
S03,10.3,1.8720493802044698,1.4418888973131314,2.302209863095808
S03,10.4,1.8341680485594762,1.4055727161957225,2.26276338092323
S03,10.5,1.7970515568431829,1.3701188700385434,2.2239842436478225
S03,10.6,1.7606846345282732,1.3355085608423594,2.1858607082141868
S03,10.7,1.7250522985214618,1.3017233016024492,2.1483812954404744
S03,10.8,1.6901398495448152,1.268744918991209,2.111534780098421
S03,10.9,1.6559328683675336,1.2365555560811599,2.0753101806539074
S03,11.0,1.6224172119137705,1.2051376733937513,2.03969675043379
S03,11.1,1.589579009269286,1.174474049827694,2.004683968710878
S03,11.2,1.5574046576071907,1.1445477822839927,1.9702615329303887
S03,11.3,1.5258808180507977,1.1153422854012067,1.9364193507003886
S03,11.4,1.4949944114895797,1.0868412898902897,1.9031475330888696
S03,11.5,1.4647326143623944,1.0590288411795459,1.870436387545243
S03,11.6,1.4350828544205465,1.031889297048961,1.838276411792132
S03,11.7,1.4060328064817673,1.005407325352055,1.8066582876114796
S03,11.8,1.3775703881849053,0.9795679009395485,1.775572875430262
S03,11.9,1.3496837557539445,0.9543563027305106,1.7450112087773784
S03,12.0,1.322361299778911,0.9297581101384669,1.714964489419355
S03,12.1,1.2955916410203119,0.9057591997030239,1.6854240823375999
S03,12.2,1.2693636262428858,0.8823457410743152,1.6563815114114564
S03,12.3,1.2436663240837034,0.8595041932083488,1.627828454959058
S03,12.4,1.2184890209589945,0.8372213001182918,1.5997567417996972
S03,12.5,1.1938212170134501,0.815484086934076,1.5721583470928242
S03,12.6,1.1696526221152463,0.7942798552529666,1.545025388977526
S03,12.7,1.1459731518995249,0.7735961790795818,1.518350124719468
S03,12.8,1.1227729238626598,0.753420900311526,1.4921249474137936
S03,12.9,1.1000422535092502,0.7337421239765716,1.4663423830419289
S03,13.0,1.0777716505534323,0.714548214232585,1.4409950868742796
S03,13.1,1.0559518151758194,0.6958277892902824,1.4160758410613563
S03,13.2,1.0345736343370886,0.6775697173693949,1.3915775513047823
S03,13.3,1.0136281781490146,0.6597631118250422,1.367493244472987
S03,13.4,0.9931066963035172,0.6423973266766295,1.343816065930405
S03,13.5,0.9730006145601187,0.6254619522049392,1.3205392769152982
S03,13.6,0.9533015312920373,0.6089468104304254,1.2976562521536492
S03,13.7,0.9340012140909865,0.5928419505423475,1.2751604776396255
S03,13.8,0.9150915964306311,0.577137644547778,1.2530455483134841
S03,13.9,0.8965647743885372,0.5618243830312364,1.231305165745838
S03,14.0,0.8784130034263381,0.5468928704488025,1.2099331364038737
S03,14.1,0.8606286952277757,0.5323340212004182,1.1889233692551333
S03,14.2,0.8432044145941782,0.5181389551698377,1.1682698740185187
S03,14.3,0.8261328763968774,0.5042989936185835,1.1479667591751712
S03,14.4,0.8094069425860182,0.49080565495954026,1.128008230212496
S03,14.5,0.7930196192551465,0.47765065083425506,1.108388587676038
S03,14.6,0.7769640537609401,0.46482588190435964,1.0891022256175207
S03,14.7,0.7612335318973927,0.45232343405866327,1.0701436297361222
S03,14.8,0.7458214751237444,0.44013557435265677,1.0515073758948321
S03,14.9,0.7307214378454193,0.42825474728404145,1.0331881284067972
S03,15.0,0.7159271047472121,0.416673570916247,1.0151806385781772
S03,15.1,0.7014322881779509,0.40538483330986264,0.9974797430460391
S03,15.2,0.6872309255858486,0.3943814887326222,0.980080362439075
S03,15.3,0.6733170770037445,0.38365665409284033,0.9629774999146488
S03,15.4,0.6596849225834354,0.3732036055394102,0.9461662396274606
S03,15.5,0.6463287601782789,0.3630157747713954,0.9296417455851624
S03,15.6,0.6332430029732714,0.35308674592483874,0.913399260021704
S03,15.7,0.6204221771617758,0.3434102520353331,0.8974341022882186
S03,15.8,0.607860919668096,0.33398017179194317,0.8817416675442488
S03,15.9,0.5955539759150912,0.3247905263478906,0.8663174254822918
S03,16.0,0.5834961976360206,0.3158354763041709,0.8511569189678703
S03,16.1,0.5716825407298276,0.3071093184091573,0.8362557630504979
S03,16.2,0.5601080631590685,0.2986064826320899,0.821609643686047
S03,16.3,0.5487679228896973,0.29032152927278276,0.8072143165066119
S03,16.4,0.5376573758719413,0.2822491458881041,0.7930656058557785
S03,16.5,0.5267717740614817,0.27438414462835786,0.7791594034946054
S03,16.6,0.5161065634802007,0.26672145935336566,0.7654916676070357
S03,16.7,0.5056572823157277,0.2592561428394661,0.7520584217919893
S03,16.8,0.49541955905905466,0.25198336428048873,0.7388557538376206
S03,16.9,0.48538911067949264,0.2448984064679146,0.7258798148910707
S03,17.0,0.4755617408362413,0.23799666334701183,0.7131268183254708
S03,17.1,0.46593333812587706,0.2312736375157442,0.70059303873601
S03,17.2,0.4564998743650499,0.2247249376789757,0.6882748110511241
S03,17.3,0.447257402907711,0.21834627629393716,0.6761685295214848
S03,17.4,0.43820205699619597,0.21213346726889273,0.6642706467234992
S03,17.5,0.4293300481454946,0.20608242347822256,0.6525776728127666
S03,17.6,0.4206376645600627,0.20018915477996715,0.6410861743401582
S03,17.7,0.4121212695825287,0.19444976548472728,0.6297927736803302
S03,17.8,0.40377730017366603,0.18886045249882744,0.6186941478485046
S03,17.9,0.3956022654230181,0.1834175029829677,0.6077870278630685
S03,18.0,0.3875927450895582,0.17811729243154348,0.5970681977475729
S03,18.1,0.37974538817179904,0.17295628251879253,0.5865344938248056
S03,18.2,0.3720569115067564,0.16793101930631055,0.5761828037072023
S03,18.3,0.3645240983971963,0.16303813103968,0.5660100657547126
S03,18.4,0.35714379726660456,0.15827432653576268,0.5560132679974464
S03,18.5,0.3499129203413165,0.15363639318129876,0.5461894475013342
S03,18.6,0.3428284423592735,0.14912119506546256,0.5365356896530844
S03,18.7,0.33588739930486566,0.1447256712981561,0.5270491273115752
S03,18.8,0.32908688716934087,0.14044683436473662,0.5177269399739451
S03,18.9,0.3224240607362699,0.13628176821563698,0.5085663532569028
S03,19.0,0.31589613239155906,0.1322276267706613,0.4995646380124568
S03,19.1,0.30950037095752386,0.12828163222565422,0.4907191096893935
S03,19.2,0.3032341005505345,0.1244410735457212,0.4820271275553478
S03,19.3,0.2970946994617614,0.12070330482643618,0.47348609409708664
S03,19.4,0.2910795990605588,0.11706574380382506,0.46509345431729254
S03,19.5,0.2851862827200237,0.11352587041486834,0.4568466950251791
S03,19.6,0.2794122847642923,0.11008122534343251,0.4487433441851521
S03,19.7,0.2737551894371274,0.10672940854307328,0.4407809703311815
S03,19.8,0.26821262989137395,0.10346807793342064,0.4329571818493273
S03,19.9,0.26278228719885843,0.10029494798256441,0.4252696264151524
S03,20.0,0.2574618893803214,0.09720778842925318,0.4177159903313896
S03,20.1,0.25224921045497734,0.09420442301166188,0.4102939978982928
S03,20.2,0.24714206950930845,0.09128272810872207,0.40300141090989483
S03,20.3,0.24213832978469896,0.08844063163433924,0.3958360279350587
S03,20.4,0.23723589778353762,0.08567611172154163,0.38879568384553365
S03,20.5,0.23243272239340462,0.08298719558820539,0.38187824919860386
S03,20.6,0.22772679402898965,0.08037195845245576,0.37508162960552355
S03,20.7,0.22311614379137126,0.07782852226969525,0.3684037653130473
S03,20.8,0.21859884264431556,0.07535505472827578,0.36184263056035537
S03,20.9,0.21417300060724528,0.0729497681396758,0.35539623307481477
S03,21.0,0.2098367659645441,0.07061091846389128,0.3490626134651969
S03,21.1,0.20558832449086506,0.06833680411259646,0.34283984486913366
S03,21.2,0.2014258986921215,0.0661257651005216,0.3367260322837214
S03,21.3,0.1973477470618386,0.06397618205483258,0.33071931206884464
S03,21.4,0.19335216335256292,0.061886475177955674,0.32481785152717013
S03,21.5,0.18943747586201493,0.05985510336304553,0.3190198483609843
S03,21.6,0.18560204673369746,0.057880563254671585,0.3133235302127233
S03,21.7,0.1818442712716579,0.055961388388657524,0.30772715415465823
S03,21.8,0.17816257726912413,0.054096148296806715,0.30222900624144156
S03,21.9,0.1745554243507311,0.05228344764787453,0.2968274010535877
S03,22.0,0.17102130332806287,0.05052192543739416,0.2915206812187316
S03,22.1,0.1675587355682417,0.048810254147011414,0.286307216989472
S03,22.2,0.16416627237529968,0.04714713900234967,0.2811854057482497
S03,22.3,0.1608424943840731,0.045531317071296595,0.2761536716968496
S03,22.4,0.15758601096636957,0.04396155668864975,0.27121046524408937
S03,22.5,0.15439545964915385,0.04243665654634457,0.26635426275196317
S03,22.6,0.15126950554451657,0.04095544507270181,0.2615835660163313
S03,22.7,0.1482068407911792,0.039516779673942265,0.2568969019084162
S03,22.8,0.14520618400730895,0.03811954606862977,0.2522928219459881
S03,22.9,0.14226627975440967,0.03676265757617385,0.24776990193264548
S03,23.0,0.13938589801206788,0.035445054539092705,0.24332674148504307
S03,23.1,0.13656383366333147,0.034165703591032034,0.2389619637356309
S03,23.2,0.1337989059905088,0.03292359701438685,0.23467421496663077
S03,23.3,0.13108995818117347,0.031717752259803556,0.2304621641025434
S03,23.4,0.1284358568441731,0.03054721119122361,0.2263245024971226
S03,23.5,0.12583549153543386,0.029411039589506402,0.2222599434813613
S03,23.6,0.12328777429336864,0.028308326537522382,0.2182672220492149
S03,23.7,0.1207916391836883,0.027238183900184565,0.21434509446719205
S03,23.8,0.11834604185343073,0.026199745733922725,0.21049233797293873
S03,23.9,0.11594995909401798,0.025192167788069056,0.20670775039996692
S03,24.0,0.11360238841316016,0.02421462694752305,0.20299014987879727
pooled,0.0,0.0,0.0,0.0
pooled,0.1,1.3815905396058819,1.2094921802836034,1.5536888989281603
pooled,0.2,2.5895182942485615,2.2926541368449582,2.886382451652165
pooled,0.3,3.643100376340453,3.2595851779111356,4.02661557476977
pooled,0.4,4.559541521890627,4.119661670092263,4.999421373688991
pooled,0.5,5.354164490484828,4.881559929642222,5.8267690513274335
pooled,0.6,6.04061534507686,5.553281667563964,6.527949022589756
pooled,0.7,6.631046350245933,6.1421826917654005,7.119910008726466
pooled,0.8,7.136278929003462,6.655006898590782,7.617550959416141
pooled,0.9,7.56594885221241,7.097929251317228,8.033968453107592
pooled,1.0,7.928635597663481,7.476612998406132,8.38065819692083
pooled,1.1,8.231977604673718,7.796286465446015,8.66766874390142
pooled,1.2,8.482774961917297,8.0618410588741,8.903708864960494
pooled,1.3,8.687080898555315,8.277942588058512,9.09621920905212
pooled,1.4,8.850283299365131,8.449134361803901,9.25143223692636
pooled,1.5,8.977177331487459,8.579901403654171,9.374453259320747
pooled,1.6,9.072030151835943,8.674672113942043,9.469388189729843
pooled,1.7,9.138638558567417,8.737758235559266,9.539518881575567
pooled,1.8,9.180380355882184,8.773260536758132,9.587500175006236
pooled,1.9,9.20026011755686,8.784977222706143,9.615543012407578
pooled,2.0,9.20094995988869,8.776341488420954,9.625558431356428
pooled,2.1,9.18482586815318,8.750396128828104,9.619255607478255
pooled,2.2,9.154000061357904,8.709799361177367,9.59820076153844
pooled,2.3,9.11034982722371,8.656850845161387,9.563848809286032
pooled,2.4,9.05554321223444,8.593527688894557,9.517558735574323
pooled,2.5,8.991061909640337,8.521523288142186,9.460600531138487
pooled,2.6,8.918221650918266,8.44228483986614,9.394158461970392
pooled,2.7,8.838190372885252,8.357047527543672,9.319333218226832
pooled,2.8,8.752004402986497,8.266864691885358,9.237144114087636
pooled,2.9,8.660582878838651,8.172633984290949,9.148531773386354
pooled,3.0,8.564740594551658,8.075119833979638,9.054361355123678
pooled,3.1,8.46519944536292,7.974972662072059,8.955426228653781
pooled,3.2,8.362598623416542,7.872745300450296,8.852451946382788
pooled,3.3,8.25750370085812,7.768907023300141,8.746100378416099
pooled,3.4,8.15041472156971,7.663855563541758,8.636973879597662
pooled,3.5,8.04177340964255,7.557927424749263,8.525619394535838
pooled,3.6,7.931969590899694,7.451406752736745,8.412532429062644
pooled,3.7,7.821346913280568,7.344532987664388,8.298160838896747
pooled,3.8,7.710207942543737,7.2375074815929645,8.18290840349451
pooled,3.9,7.598818701408608,7.130499238647417,8.0671381641698
pooled,4.0,7.4874127128298875,7.023649900533408,7.951175525126367
pooled,4.1,7.376194601481459,6.9170780872334925,7.835311115729426
pooled,4.2,7.265343301630572,6.810883178558147,7.719803424702996
pooled,4.3,7.1550149143302315,6.705148608282223,7.60488122037824
pooled,4.4,7.045345252177389,6.59994472905635,7.4907457752984286
pooled,4.5,6.936452105714448,6.495331294117147,7.377572917311749
pooled,4.6,6.828437261836211,6.391359595006032,7.26551492866639
pooled,4.7,6.7213883012540245,6.2880742851502855,7.1547023173577635
pooled,4.8,6.615380199119399,6.185514915137394,7.045245483101405
pooled,4.9,6.510476750281494,6.083717203612521,6.937236296950468
pooled,5.0,6.406731838311483,5.982714062116255,6.830749614506711
pooled,5.1,6.304190565340615,5.882536396763625,6.725844733917606
pooled,5.2,6.202890257900153,5.783213706676342,6.622566809123963
pooled,5.3,6.102861362295278,5.684774501087898,6.520948223502658
pooled,5.4,6.004128241569545,5.587246559293794,6.421009923845297
pooled,5.5,5.906709884801833,5.490657058302009,6.322762711301657
pooled,5.6,5.8106205383064005,5.3950325922417735,6.2262084843710275
pooled,5.7,5.715870267263095,5.300399109132209,6.131341425393981
pooled,5.8,5.622465455374837,5.206781788365638,6.038149122384037
pooled,5.9,5.530409249321142,5.114204880571069,5.946613618071215
pooled,6.0,5.439701954038215,5.022691528780623,5.856712379295807
pooled,6.1,5.350341384198558,4.932263587484342,5.768419180912773
pooled,6.2,5.262323176677043,4.8429414509389135,5.681704902415173
pooled,6.3,5.175641068268303,4.754743901210691,5.596538235325914
pooled,6.4,5.090287142455204,4.667687982489097,5.512886302421311
pooled,6.5,5.006252048613662,4.581788903681602,5.430715193545723
pooled,6.6,4.923525196669831,4.497059971955301,5.349990421384361
pooled,6.7,4.842094929896724,4.413512556673332,5.270677303120117
pooled,6.8,4.761948678244165,4.331156080934928,5.192741275553402
pooled,6.9,4.683073094334809,4.249998038648063,5.116148150021554
pooled,7.0,4.6054541740263275,4.170044033295289,5.040864314757366
pooled,7.1,4.529077363232475,4.09129783647604,4.96685688998891
pooled,7.2,4.453927652511053,4.013761459333165,4.894093845688942
pooled,7.3,4.379989660762284,3.9374352374647614,4.822544084059807
pooled,7.4,4.307247709234345,3.8623179225522124,4.752177495916478
pooled,7.5,4.235685886902324,3.788406781251128,4.68296499255352
pooled,7.6,4.165288108170347,3.7156976956621444,4.614878520678549
pooled,7.7,4.096038163742979,3.644185265657515,4.547891061828444
pooled,7.8,4.027919765419603,3.5738629116600773,4.481976619179129
pooled,7.9,3.960916585483144,3.50472297323649,4.417110197729798
pooled,8.0,3.895012291281182,3.436756807173965,4.3532677753883995
pooled,8.1,3.830190575532147,3.369954879906136,4.290426271158157
pooled,8.2,3.7664351828310565,3.304306857176012,4.228563508486101
pooled,8.3,3.7037299327774305,3.2398016880570015,4.167658177497859
pooled,8.4,3.64205874010175,3.176427683793466,4.107689796410034
pooled,8.5,3.5814056321256964,3.1141725931399526,4.04863867111144
pooled,8.6,3.521754763854732,3.0530236708798943,3.9904858568295696
pooled,8.7,3.463090430968861,2.9929677425322385,3.933213119405483
pooled,8.8,3.405397080948339,2.933991264370559,3.876802897526119
pooled,8.9,3.3486593225451444,2.8760803778247324,3.8212382672655565
pooled,9.0,3.292861933787914,2.819220960400499,3.7665029071753287
pooled,9.1,3.2379898686874626,2.763398671886711,3.712581065488214
pooled,9.2,3.184028262791674,2.708598997257582,3.6594575283257655
pooled,9.3,3.1309624377221863,2.654807284994935,3.6071175904494375
pooled,9.4,3.078777904810785,2.6020087825195874,3.5555470271019827
pooled,9.5,3.027460367940389,2.5501886683141888,3.504732067566589
pooled,9.6,2.9769957256840205,2.4993320812805346,3.4546593700875063
pooled,9.7,2.9273700728248326,2.449424146581914,3.405315999067751
pooled,9.8,2.8785697013310956,2.4004499997440205,3.3566894029181706
pooled,9.9,2.8305811008519046,2.352394808060116,3.308767393643693
pooled,10.0,2.783390958792055,2.305243789970315,3.261538127613795
pooled,10.1,2.736986160018116,2.2589822319089627,3.2149900881272693
pooled,10.2,2.691353786241892,2.2135955045108227,3.169112067972961
pooled,10.3,2.6464811151223744,2.169069075711739,3.1238931545330098
pooled,10.4,2.6023556191226955,2.1253885233689638,3.0793227148764273
pooled,10.5,2.5589649641544914,2.082539546114896,3.0353903821940866
pooled,10.6,2.516297008038493,2.0405079729616804,2.992086043115306
pooled,10.7,2.4743397988069074,1.9992797717519073,2.9493998258619074
pooled,10.8,2.43308157287026,1.9588410566969627,2.9073220890435576
pooled,10.9,2.392510753068852,1.919178094388366,2.8658434117493377
pooled,11.0,2.3526159466266234,1.8802773101296615,2.8249545831235854
pooled,11.1,2.3133859430232833,1.8421252917849478,2.7846465942616185
pooled,11.2,2.2748097117986585,1.8047087947995972,2.74491062879772
pooled,11.3,2.236876400301678,1.768014744940694,2.7057380556626622
pooled,11.4,2.199575331394925,1.7320302411185755,2.667120421671275
pooled,11.5,2.162896001124448,1.696742558281327,2.629049443967569
pooled,11.6,2.126828076363361,1.6621391485092702,2.591517004217452
pooled,11.7,2.0913613924367755,1.6282076425420686,2.5545151423314825
pooled,11.8,2.056485950734678,1.5949358512025984,2.5180360502667574
pooled,11.9,2.022191916318608,1.562311765423662,2.482072067213554
pooled,12.0,1.9884696155272357,1.5303235566035602,2.446615674450911
pooled,12.1,1.9553095335853392,1.4989595769392023,2.411659490231476
pooled,12.2,1.9227023122201137,1.4682083589585926,2.3771962654816345
pooled,12.3,1.8906387472882162,1.4380586148846894,2.343218879691743
pooled,12.4,1.8591097864165596,1.4084992357901227,2.3097203370429966
pooled,12.5,1.8281065266594134,1.3795192911829524,2.2766937621358743
pooled,12.6,1.7976202121740774,1.351108027580228,2.2441323967679265
pooled,12.7,1.7676422319170264,1.3232548672803084,2.2120295965537444
pooled,12.8,1.738164117362206,1.2959494070970425,2.1803788276273695
pooled,12.9,1.70917754024286,1.2691814167275053,2.149173663758215
pooled,13.0,1.6806743103180954,1.2429408373409672,2.1184077832952237
pooled,13.1,1.6526463731651748,1.2172177797861687,2.088074966544181
pooled,13.2,1.6250858079983685,1.1920025228389757,2.0581690931577614
pooled,13.3,1.5979848255150273,1.167285511389955,2.0286841396400996
pooled,13.4,1.5713357657694431,1.143057354502354,1.9996141770365323
pooled,13.5,1.5451310960748985,1.1193088236410245,1.9709533685087726
pooled,13.6,1.5193634089342387,1.0960308504009952,1.9426959674674822
pooled,13.7,1.494025419999196,1.0732145246582416,1.9148363153401504
pooled,13.8,1.4691099660586104,1.050851092571589,1.8873688395456318
pooled,13.9,1.4446100030556275,1.028931954133828,1.860288051977427
pooled,14.0,1.420518604133882,1.0074486616100176,1.8335885466577464
pooled,14.1,1.396828957712644,0.9863929170853236,1.8072649983399645
pooled,14.2,1.3735343655908212,0.9657565702649415,1.7813121609167009
pooled,14.3,1.3506282410797017,0.9455316165643459,1.7557248655950575
pooled,14.4,1.3281041071642696,0.9257101948265162,1.730498019502023
pooled,14.5,1.3059555946928951,0.9062845851827964,1.705626604202994
pooled,14.6,1.2841764405951703,0.8872472070444003,1.6811056741459405
pooled,14.7,1.2627604861276607,0.868590616805875,1.6569303554494463
pooled,14.8,1.2417016751472816,0.8503075058300094,1.6330958444645538
pooled,14.9,1.2209940524120366,0.8323906982666136,1.6095974065574596
pooled,15.0,1.2006317619088036,0.8148331489823923,1.5864303748352149
pooled,15.1,1.1806090452078655,0.7976279416143551,1.5635901488013757
pooled,15.2,1.1609202398438612,0.7807682860212121,1.5410721936665102
pooled,15.3,1.1415597777228315,0.7642475168289256,1.5188720386167374
pooled,15.4,1.1225221835550172,0.7480590911591569,1.4969852759508775
pooled,15.5,1.1038020733130713,0.732196586397251,1.4754075602288916
pooled,15.6,1.085394152715344,0.716653698491071,1.4541346069396168
pooled,15.7,1.0672932157338892,0.7014242397539219,1.4331621917138566
pooled,15.8,1.0494941431268363,0.6865021371277862,1.4124861491258864
pooled,15.9,1.031991900994791,0.6718814300868854,1.3921023719026968
pooled,16.0,1.0147815393609014,0.6575562686764865,1.3720068100453164
pooled,16.1,0.9978581907742402,0.6435209118805095,1.3521954696679708
pooled,16.2,0.9812170689361646,0.6297697253681607,1.3326644125041684
pooled,16.3,0.9648534673492893,0.616297180088351,1.3134097546102277
pooled,16.4,0.9487627579887434,0.603097850104424,1.294427665873063
pooled,16.5,0.9329403899953489,0.5901664110361462,1.2757143689545516
pooled,16.6,0.9173818883904008,0.5774976380217554,1.2572661387590462
pooled,16.7,0.9020828528116941,0.5650864043676622,1.239079301255726
pooled,16.8,0.8870389562704666,0.5529276793676847,1.2211502331732484
pooled,16.9,0.8722459439289381,0.5410165270003683,1.203475360857508
pooled,17.0,0.8576996318980978,0.5293481040757884,1.1860511597204073
pooled,17.1,0.8433959060554351,0.5179176585097535,1.168874153601117
pooled,17.2,0.8293307208822818,0.5067205279696547,1.1519409137949088
pooled,17.3,0.8155000983204518,0.4957521379159863,1.1352480587249172
pooled,17.4,0.8019001266478748,0.4850080004638399,1.1187922528319096
pooled,17.5,0.7885269593728998,0.47448371240588044,1.1025702063399192
pooled,17.6,0.7753768141469833,0.46417495396112773,1.086578674332839
pooled,17.7,0.7624459716954474,0.45407748725622826,1.0708144561346664
pooled,17.8,0.7497307747660193,0.44418715465064407,1.0552743948813945
pooled,17.9,0.7372276270948664,0.43449987752997093,1.039955376659762
pooled,18.0,0.7249329923898249,0.42501165476400365,1.024854330015646
pooled,18.1,0.7128433933305582,0.41571856123840883,1.0099682254227076
pooled,18.2,0.7009554105853527,0.4066167466921306,0.9952940744785748
pooled,18.3,0.6892656818442813,0.397702434055355,0.9808289296332076
pooled,18.4,0.6777709008684693,0.38897191830735417,0.9665698834295844
pooled,18.5,0.6664678165551878,0.3804215651853338,0.9525140679250419
pooled,18.6,0.6553532320185235,0.37204780968816137,0.9386586543488855
pooled,18.7,0.6444240036853581,0.3638471551365253,0.9250008522341909
pooled,18.8,0.6336770404064093,0.35581617157965967,0.9115379092331588
pooled,18.9,0.6231093025820836,0.3479514947564254,0.8982671104077419
pooled,19.0,0.6127178013028918,0.3402498248377196,0.885185777768064
pooled,19.1,0.6024995975041926,0.3327079252395495,0.8722912697688356
pooled,19.2,0.5924518011350178,0.32532262154481223,0.8595809807252235
pooled,19.3,0.5825715703407515,0.3180908001719556,0.8470523405095474
pooled,19.4,0.5728561106594343,0.3110094073913308,0.8347028139275379
pooled,19.5,0.5633026742314589,0.30407544819191995,0.8225299002709978
pooled,19.6,0.553908559022443,0.2972859851385581,0.8105311329063278
pooled,19.7,0.5446711080590545,0.2906381374031092,0.7987040787149998
pooled,19.8,0.5355877086775757,0.28412907962395184,0.7870463377311995
pooled,19.9,0.5266557917849961,0.2777560408643223,0.77555554270567
pooled,20.0,0.5178728311324218,0.2715163037500438,0.7642293585147997
pooled,20.1,0.5092363426006004,0.2654072031495951,0.7530654820516056
pooled,20.2,0.5007438834973574,0.2594261256936176,0.7420616413010972
pooled,20.3,0.4923930518667449,0.25357050834942907,0.7312155953840608
pooled,20.4,0.48418148580971193,0.24783783757587427,0.7205251340435496
pooled,20.5,0.47610686281609726,0.24222564869380778,0.7099880769383867
pooled,20.6,0.4681668991077658,0.23673152459096658,0.6996022736245651
pooled,20.7,0.46035934899269393,0.23135309507784227,0.6893656029075456
pooled,20.8,0.45268200422982474,0.22608803587285303,0.6792759725867965
pooled,20.9,0.4451326934045176,0.22093406779759395,0.6693313190114413
pooled,21.0,0.4377092813144078,0.21588895594812157,0.6595296066806939
pooled,21.1,0.43040966836551037,0.21095050881178443,0.6498688279192363
pooled,21.2,0.423231789978392,0.20611657750128812,0.6403470024554959
pooled,21.3,0.4161736160042453,0.2013850549024136,0.6309621771060769
pooled,21.4,0.4092331501507022,0.19675387492707597,0.6217124253743285
pooled,21.5,0.4024084294172188,0.19222101169383538,0.6125958471406023
pooled,21.6,0.3956975235398804,0.1877844788599841,0.6036105682197768
pooled,21.7,0.3890985344454605,0.18344232873460176,0.5947547401563192
pooled,21.8,0.3826095957145845,0.17919265170324936,0.5860265397259197
pooled,21.9,0.37622887205384975,0.17503357535482655,0.577424168752873
pooled,22.0,0.3699545587767426,0.1709632638825804,0.5689458536709048
pooled,22.1,0.3637848812932166,0.16697991741695062,0.5605898451694826
pooled,22.2,0.3577180946077803,0.16308177120552378,0.5523544180100368
pooled,22.3,0.35175248282595456,0.15926709507883,0.5442378705730792
pooled,22.4,0.34588635866896306,0.15553419271919125,0.5362385246187349
pooled,22.5,0.34011806299651237,0.15188140105110798,0.5283547249419167
pooled,22.6,0.3344459643375341,0.14830708962656322,0.5205848390485049
pooled,22.7,0.3288684584287496,0.1448096599335169,0.5129272569239823
pooled,22.8,0.32338396776093065,0.14138754485903784,0.5053803906628235
pooled,22.9,0.317990941132729,0.13803920810449086,0.49794267416096716
pooled,23.0,0.3126878532119426,0.1347631434704806,0.4906125629534046
pooled,23.1,0.3074732041041021,0.13155787447886635,0.4833885337293379
pooled,23.2,0.30234551892825007,0.12842195360342107,0.47626908425307907
pooled,23.3,0.29730334739979436,0.125353961864029,0.4692527329355597
pooled,23.4,0.2923452634203199,0.12235250825856614,0.4623380185820737
pooled,23.5,0.28746986467423885,0.11941622911504374,0.45552350023343396
pooled,23.6,0.28267577223216933,0.11654378776040364,0.448807756703935
pooled,23.7,0.2779616301609273,0.11373387379465646,0.4421893865271981
pooled,23.8,0.27332610514002237,0.11098520277508753,0.43566700750495724
pooled,23.9,0.26876788608455027,0.10829651557757242,0.4292392565915281
pooled,24.0,0.2642856837743728,0.10566657801173152,0.42290478953701405
